Feature,Value
Total Records,800035.0
Unique Subjects,161352.0
Unique Studies,800035.0
Unique Carts,156.0
Avg RR Interval,865.6037473360541
Avg QRS Duration,108.51254169312857
Avg P Onset,4702.878566562713
Avg P End,8745.08212140719
Avg QRS Onset,283.4229889942315
Avg QRS End,391.65871493122177
Avg T End,688.6465079652766
Avg P Axis,4957.353424537677
Avg QRS Axis,107.37288368633872
Avg T Axis,192.54974594861474
Total WCT Cases,123653.0
