Category,Count,Detection_Rate (%)
Normal,676382,84.5440511977601
WCT,123653,15.455948802239902
